condition,benign_write_attempts,benign_write_admitted,benign_write_recall,benign_answer_support_attempts,benign_answer_support_admitted,benign_answer_support_recall
MMA,352920,352920,1.0,13458,13458,1.0
RSum,352920,3460,0.00980392156862745,13458,99,0.0073562193490860454
H1,352920,3340,0.009463901167403378,13458,99,0.0073562193490860454
H2,352920,3820,0.010823982772299671,13458,105,0.00780205082478823
H3,352920,3340,0.009463901167403378,13458,99,0.0073562193490860454
SAGE-Mem v2,352920,3460,0.00980392156862745,13458,99,0.0073562193490860454
