condition,n_seeds,BCU_mean,BCU_std,ASR_mean,ASR_std,WriteASR_mean,WriteASR_std,FalseBelief_mean,FalseBelief_std
MMA,3,0.0,0.0,1.0,0.0,1.0,0.0,0.0,0.0
SAGE-Mem v2,3,0.1752577319587629,0.0051546391752577275,0.5515463917525772,0.005154639175257769,0.6451890034364262,0.014655259544013739,0.08075601374570447,0.005952064630820879
H5,3,0.020618556701030927,0.0,0.8298969072164949,0.018585315852907156,0.3333333333333333,0.007440080788526111,0.0,0.0
H6,3,0.15292096219931273,0.0029760323154104477,0.0,0.0,0.0,0.0,0.0,0.0
